{"cameraMode":{"drawMode":0,"name":"Shaded","section":"Shading Mode"},"sceneLighting":true,"audioPlay":false,"sceneViewState":{"m_AlwaysRefresh":false,"showFog":true,"showSkybox":true,"showFlares":true,"showImageEffects":true,"showParticleSystems":true,"showVisualEffectGraphs":true,"m_FxEnabled":true},"in2DMode":false,"pivot":{"x":4.898253917694092,"y":-19.724740982055665,"z":12.537751197814942},"rotation":{"x":0.5032639503479004,"y":-0.049208879470825198,"z":0.02871290035545826,"w":0.8622702360153198},"size":16.895977020263673,"orthographic":false}